Model,Type,PR-AUC,ROC-AUC,Precision,Recall,F1-Score,Train Time (s),Inference Time (s),Samples/sec
Gradient Boosting,tree-based,0.9999736063830019,0.9999868487501052,0.9977011494252873,0.9954128440366973,0.9965556831228473,11.168343544006348,0.0060062408447265625,217773.4849158463
XGBoost,tree-based,0.9999261261439981,0.9999631765002946,0.9976905311778291,0.9908256880733946,0.9942462600690449,0.7313921451568604,0.0049991607666015625,261643.91606257154
LightGBM,tree-based,0.9999048972766789,0.9999526555003788,0.9954128440366973,0.9954128440366973,0.9954128440366973,0.3830580711364746,0.005000591278076172,261569.06798893868
Random Forest,tree-based,0.9995836692796302,0.9997764287517886,0.9953810623556582,0.9885321100917431,0.9919447640966629,0.4674403667449951,0.03981137275695801,32854.933387630925
Decision Tree,tree-based,0.9796262181711989,0.9852653396178773,0.9420935412026726,0.9701834862385321,0.9559322033898305,0.07700467109680176,0.0009987354278564453,1309656.154690857
Logistic Regression,linear,0.8831785033900158,0.9357272115141824,0.8849557522123894,0.9174311926605505,0.9009009009009009,2.535679340362549,0.0020079612731933594,651406.9855141296
